﻿<parameters>
  <parameter name="IIS Web Application Name" defaultValue="Default Web Site/csvUploadWeb_deploy" tags="IisApp">
    <parameterEntry kind="ProviderPath" scope="IisApp" match="^C:\\Users\\John\.Mimiaga\\source\\repos\\KineticsApps\\KPPS\\csvUploadWeb\\obj\\Debug\\Package\\PackageTmp$" />
    <parameterEntry kind="ProviderPath" scope="setAcl" match="^C:\\Users\\John\.Mimiaga\\source\\repos\\KineticsApps\\KPPS\\csvUploadWeb\\obj\\Debug\\Package\\PackageTmp$" />
  </parameter>
  <parameter name="Add write permission to App_Data Folder" description="Add write permission to App_Data folder" defaultValue="{IIS Web Application Name}/App_Data" tags="Hidden">
    <parameterEntry kind="ProviderPath" scope="setAcl" match="^C:\\Users\\John\.Mimiaga\\source\\repos\\KineticsApps\\KPPS\\csvUploadWeb\\obj\\Debug\\Package\\PackageTmp\\App_Data$" />
  </parameter>
  <parameter name="ClientId" description="Value for ClientId here." defaultValue="c0d14878-854f-41cb-ba2f-638ea7eb2a00" tags="applicationSettings">
    <parameterEntry kind="XmlFile" scope="web.config$" match="/configuration/appSettings/add[@key='ClientId']/@value" />
  </parameter>
</parameters>